benchmark_name,workload_name,round_1_time,round_1_param,round_2_time,round_2_param,round_3_time,round_3_param,round_4_time,round_4_param,round_5_time,round_5_param,round_6_time,round_6_param,round_7_time,round_7_param,round_8_time,round_8_param,round_9_time,round_9_param,round_10_time,round_10_param,round_11_time,round_11_param,round_12_time,round_12_param,round_13_time,round_13_param,round_14_time,round_14_param,round_15_time,round_15_param,round_16_time,round_16_param
numpy_benchmark,matmul,1204.1518,workload: --size 2275 --threads 46;,3561.6304,workload: --size 3640 --threads 31;,3472.2376,workload: --size 3868 --threads 2;,2590.4943,workload: --size 3413 --threads 17;,4495.9836,workload: --size 4096 --threads 17;,1643.6757,workload: --size 2958 --threads 12;,3540.0096,workload: --size 3413 --threads 37;,4323.3018,workload: --size 3640 --threads 41;,6090.0954,workload: --size 4096 --threads 35;,1866.415,workload: --size 2730 --threads 39;,723.4469,workload: --size 2048 --threads 28;,2553.8997,workload: --size 3413 --threads 11;,1046.6808,workload: --size 2503 --threads 19;,1052.6598,workload: --size 2048 --threads 56;,1111.786,workload: --size 2503 --threads 20;,3278.3644,workload: --size 3640 --threads 18;
numpy_benchmark,svd,334.0976,workload: --size 1024 --threads 27;,398.486,workload: --size 1024 --threads 36;,2261.3156,workload: --size 1820 --threads 39;,733.5018,workload: --size 1365 --threads 25;,1364.8665,workload: --size 1934 --threads 4;,3240.7259,workload: --size 2048 --threads 38;,2999.3187,workload: --size 1820 --threads 57;,615.3069,workload: --size 1024 --threads 61;,698.1993,workload: --size 1365 --threads 22;,3001.8339,workload: --size 1820 --threads 59;,777.6803,workload: --size 1479 --threads 15;,891.4376,workload: --size 1479 --threads 23;,492.3998,workload: --size 1251 --threads 18;,1411.2591,workload: --size 1592 --threads 36;,535.7671,workload: --size 1251 --threads 22;,2833.6652,workload: --size 1934 --threads 42;
numpy_benchmark,fft,14791.2991,workload: --size 6058439 --threads 35;,21210.2404,workload: --size 6058439 --threads 63;,7999.994,workload: --size 5126371 --threads 14;,19117.4274,workload: --size 6058439 --threads 54;,21092.3132,workload: --size 6990506 --threads 51;,10252.0436,workload: --size 4660337 --threads 29;,8108.6997,workload: --size 4660337 --threads 16;,15790.7681,workload: --size 5592405 --threads 49;,16705.9459,workload: --size 7456540 --threads 33;,9731.7915,workload: --size 7456540 --threads 4;,3580.4775,workload: --size 8388608 --threads 45;,10248.7519,workload: --size 6524472 --threads 6;,7299.8641,workload: --size 5126371 --threads 5;,11650.1872,workload: --size 7922574 --threads 8;,17783.6227,workload: --size 6524472 --threads 44;,19593.3128,workload: --size 7456540 --threads 41;
tuf_benchmark,tuf-metadata,1944.6221,data: --size 357913941; workload: --threads 10;,2654.7809,data: --size 507044750; workload: --threads 28;,1867.0945,data: --size 357913941; workload: --threads 18;,1754.6743,data: --size 328087779; workload: --threads 49;,1575.5395,data: --size 507044750; workload: --threads 4;,2656.6326,data: --size 536870912; workload: --threads 52;,2851.2781,data: --size 536870912; workload: --threads 60;,2054.8458,data: --size 387740103; workload: --threads 50;,2908.2787,data: --size 536870912; workload: --threads 62;,1960.2917,data: --size 357913941; workload: --threads 8;,2048.6915,data: --size 387740103; workload: --threads 56;,1895.0095,data: --size 357913941; workload: --threads 32;,2869.8419,data: --size 536870912; workload: --threads 37;,2237.6791,data: --size 417566264; workload: --threads 10;,2760.2287,data: --size 507044750; workload: --threads 6;,2498.5877,data: --size 477218588; workload: --threads 21;
requests_benchmark,requests-json,828.9783,workload: --size 174762 --threads 22;,726.1564,workload: --size 160199 --threads 17;,947.6434,workload: --size 189326 --threads 34;,656.2859,workload: --size 145635 --threads 23;,1088.2127,workload: --size 233016 --threads 11;,596.8375,workload: --size 131072 --threads 32;,607.4358,workload: --size 131072 --threads 39;,1243.3235,workload: --size 247580 --threads 20;,787.7131,workload: --size 160199 --threads 38;,1341.4679,workload: --size 203889 --threads 62;,974.9686,workload: --size 203889 --threads 15;,1300.3785,workload: --size 203889 --threads 57;,957.1139,workload: --size 160199 --threads 61;,893.731,workload: --size 160199 --threads 52;,682.7648,workload: --size 174762 --threads 4;,1091.1409,workload: --size 189326 --threads 51;
raytrace,raytrace,743.3311,workload: --width 2503 --threads 32;,1150.7673,workload: --width 3868 --threads 61;,812.5457,workload: --width 2730 --threads 15;,1010.8281,workload: --width 3413 --threads 39;,741.2705,workload: --width 2503 --threads 55;,947.475,workload: --width 3185 --threads 40;,743.3146,workload: --width 2503 --threads 52;,744.6605,workload: --width 2503 --threads 64;,810.8195,workload: --width 2730 --threads 44;,674.7914,workload: --width 2275 --threads 52;,676.6277,workload: --width 2275 --threads 37;,743.6288,workload: --width 2503 --threads 57;,1087.0008,workload: --width 3640 --threads 18;,1077.9947,workload: --width 3640 --threads 47;,673.526,workload: --width 2275 --threads 11;,1077.9637,workload: --width 3640 --threads 39;
chaos_fractal,chaos-fractal,2126.4264,data: --width 2275; workload: --threads 21;,2128.1416,data: --width 2275; workload: --threads 32;,2124.8811,data: --width 2048; workload: --threads 14;,2133.7258,data: --width 2048; workload: --threads 52;,2120.6928,data: --width 3640; workload: --threads 18;,2114.3855,data: --width 3868; workload: --threads 48;,2116.3376,data: --width 2503; workload: --threads 35;,2118.1385,data: --width 2958; workload: --threads 5;,2120.9529,data: --width 3640; workload: --threads 15;,2131.3487,data: --width 3185; workload: --threads 55;,2115.8779,data: --width 4096; workload: --threads 63;,2115.504,data: --width 2275; workload: --threads 21;,2115.4764,data: --width 2048; workload: --threads 61;,2112.8727,data: --width 3640; workload: --threads 21;,2122.7695,data: --width 2730; workload: --threads 6;,2137.1505,data: --width 2048; workload: --threads 44;
deltablue,deltablue,3863.2982,workload: --n 188888 --threads 60;,2006.6664,workload: --n 144444 --threads 61;,2969.8266,workload: --n 200000 --threads 20;,2187.7768,workload: --n 177777 --threads 1;,3277.7747,workload: --n 177777 --threads 60;,2832.7262,workload: --n 166666 --threads 61;,4229.6245,workload: --n 200000 --threads 64;,2193.9718,workload: --n 177777 --threads 17;,1940.3599,workload: --n 144444 --threads 60;,2513.3467,workload: --n 188888 --threads 14;,2951.4795,workload: --n 188888 --threads 40;,3225.8261,workload: --n 188888 --threads 47;,2722.4978,workload: --n 166666 --threads 58;,1102.1636,workload: --n 122222 --threads 4;,1264.2366,workload: --n 122222 --threads 34;,1159.959,workload: --n 111111 --threads 63;
pyflate,pyflate,798.7612,data: --size 5555555; workload: --threads 49;,1360.8121,data: --size 9444444; workload: --threads 53;,1347.8086,data: --size 9444444; workload: --threads 35;,952.3622,data: --size 6666666; workload: --threads 39;,1025.8494,data: --size 7222222; workload: --threads 24;,1115.5787,data: --size 7777777; workload: --threads 45;,1037.6604,data: --size 7222222; workload: --threads 57;,1272.0859,data: --size 8888888; workload: --threads 43;,1244.5258,data: --size 8888888; workload: --threads 10;,1123.2867,data: --size 7777777; workload: --threads 63;,936.0255,data: --size 6666666; workload: --threads 6;,795.9088,data: --size 5555555; workload: --threads 48;,1078.8581,data: --size 7777777; workload: --threads 1;,865.827,data: --size 6111111; workload: --threads 19;,947.2282,data: --size 6666666; workload: --threads 27;,1184.2058,data: --size 8333333; workload: --threads 39;
go_board_game,go-board-game,1617.6617,workload: --size 200 --threads 35;,1561.6881,workload: --size 200 --threads 25;,254.4234,workload: --size 100 --threads 37;,549.5746,workload: --size 133 --threads 37;,358.3701,workload: --size 133 --threads 7;,308.8082,workload: --size 111 --threads 55;,235.0247,workload: --size 111 --threads 11;,260.7497,workload: --size 111 --threads 13;,598.8011,workload: --size 144 --threads 19;,249.0301,workload: --size 100 --threads 57;,440.884,workload: --size 122 --threads 29;,1425.8712,workload: --size 188 --threads 37;,378.0587,workload: --size 133 --threads 11;,317.0918,workload: --size 111 --threads 57;,1081.4841,workload: --size 177 --threads 54;,1335.2602,workload: --size 188 --threads 61;
resnet50_cpu,resnet50_inference,934.4925,data: --img_size 426; workload: --threads 29;,731.8557,data: --img_size 341; workload: --threads 13;,1087.7831,data: --img_size 398; workload: --threads 27;,1371.7022,data: --img_size 455; workload: --threads 27;,778.0666,data: --img_size 369; workload: --threads 34;,1264.3188,data: --img_size 483; workload: --threads 43;,809.418,data: --img_size 341; workload: --threads 6;,471.4933,data: --img_size 256; workload: --threads 57;,375.7576,data: --img_size 256; workload: --threads 29;,1369.9107,data: --img_size 426; workload: --threads 10;,1173.5457,data: --img_size 455; workload: --threads 51;,1261.1144,data: --img_size 483; workload: --threads 50;,1885.3239,data: --img_size 455; workload: --threads 3;,1697.3861,data: --img_size 455; workload: --threads 5;,588.0118,data: --img_size 256; workload: --threads 4;,1998.5555,data: --img_size 455; workload: --threads 3;
resnet50_cpu,resnet50_training,526.4091,data: --img_size 256; workload: --threads 42;,982.7049,data: --img_size 312; workload: --threads 13;,532.0686,data: --img_size 256; workload: --threads 44;,1000.1099,data: --img_size 398; workload: --threads 56;,1272.3929,data: --img_size 483; workload: --threads 49;,1050.4364,data: --img_size 398; workload: --threads 46;,612.497,data: --img_size 284; workload: --threads 56;,2732.1492,data: --img_size 512; workload: --threads 13;,1279.9096,data: --img_size 455; workload: --threads 51;,1474.9022,data: --img_size 369; workload: --threads 11;,1279.2177,data: --img_size 341; workload: --threads 8;,852.8419,data: --img_size 341; workload: --threads 53;,1553.0272,data: --img_size 512; workload: --threads 33;,728.1461,data: --img_size 256; workload: --threads 17;,983.8057,data: --img_size 398; workload: --threads 64;,779.4392,data: --img_size 341; workload: --threads 48;
bert_cpu,bert_eval,4693.4415,data: --seq_len 512; workload: --threads 8;,9968.9987,data: --seq_len 796; workload: --threads 56;,4781.6399,data: --seq_len 512; workload: --threads 27;,8998.8285,data: --seq_len 739; workload: --threads 42;,13180.3797,data: --seq_len 910; workload: --threads 42;,4754.2792,data: --seq_len 512; workload: --threads 59;,16455.2387,data: --seq_len 967; workload: --threads 42;,7425.6347,data: --seq_len 682; workload: --threads 59;,8855.8803,data: --seq_len 739; workload: --threads 47;,7587.5989,data: --seq_len 682; workload: --threads 42;,6713.3597,data: --seq_len 568; workload: --threads 1;,10089.4216,data: --seq_len 796; workload: --threads 44;,8678.1667,data: --seq_len 739; workload: --threads 28;,8831.5977,data: --seq_len 739; workload: --threads 9;,15100.5649,data: --seq_len 967; workload: --threads 38;,7476.2929,data: --seq_len 682; workload: --threads 43;
transformer_inference,transformer_inference,5956.4603,data: --seq_len 142; workload: --threads 30;,5631.9284,data: --seq_len 156; workload: --threads 46;,15595.1183,data: --seq_len 256; workload: --threads 34;,6112.6377,data: --seq_len 170; workload: --threads 60;,5489.6865,data: --seq_len 170; workload: --threads 28;,14485.0709,data: --seq_len 213; workload: --threads 35;,14449.5427,data: --seq_len 213; workload: --threads 33;,5788.5431,data: --seq_len 156; workload: --threads 2;,11213.0683,data: --seq_len 241; workload: --threads 12;,6052.1503,data: --seq_len 142; workload: --threads 19;,13546.3814,data: --seq_len 199; workload: --threads 27;,9677.9964,data: --seq_len 199; workload: --threads 7;,12793.0465,data: --seq_len 227; workload: --threads 20;,5469.6496,data: --seq_len 170; workload: --threads 31;,17260.5453,data: --seq_len 256; workload: --threads 39;,13526.4371,data: --seq_len 256; workload: --threads 15;
transformer_train,transformer_train,2002.3266,data: --seq_len 170; workload: --threads 5;,2695.4124,data: --seq_len 241; workload: --threads 55;,2255.9193,data: --seq_len 227; workload: --threads 63;,2500.4927,data: --seq_len 170; workload: --threads 57;,2455.5603,data: --seq_len 184; workload: --threads 59;,3044.4431,data: --seq_len 227; workload: --threads 40;,2126.369,data: --seq_len 256; workload: --threads 4;,2756.1719,data: --seq_len 184; workload: --threads 19;,2326.486,data: --seq_len 156; workload: --threads 51;,2176.0848,data: --seq_len 227; workload: --threads 9;,2783.9251,data: --seq_len 241; workload: --threads 39;,2531.1403,data: --seq_len 156; workload: --threads 43;,2420.4645,data: --seq_len 170; workload: --threads 55;,2479.428,data: --seq_len 128; workload: --threads 47;,2328.5148,data: --seq_len 199; workload: --threads 62;,2769.0916,data: --seq_len 199; workload: --threads 54;
redis_benchmark,redis-benchmark,2634.924,workload: --requests 3333333 --threads 64;,2373.0682,workload: --requests 3111111 --threads 14;,1669.5694,workload: --requests 2222222 --threads 43;,2353.3943,workload: --requests 3111111 --threads 12;,2948.4937,workload: --requests 3777777 --threads 61;,2866.7744,workload: --requests 3777777 --threads 25;,2270.8744,workload: --requests 2888888 --threads 57;,2769.2511,workload: --requests 3555555 --threads 11;,2715.8023,workload: --requests 3555555 --threads 48;,1717.1406,workload: --requests 2444444 --threads 13;,3048.347,workload: --requests 4000000 --threads 64;,1862.9024,workload: --requests 2444444 --threads 43;,2716.8021,workload: --requests 3555555 --threads 54;,2785.1411,workload: --requests 3555555 --threads 57;,2524.2812,workload: --requests 3333333 --threads 57;,2843.2406,workload: --requests 3777777 --threads 22;
ffmpeg_benchmark,ffmpeg,1315.6263,data: --duration 480; workload: --threads 35;,1052.5769,data: --duration 480; workload: --threads 7;,708.6237,data: --duration 293; workload: --threads 12;,1099.4961,data: --duration 400; workload: --threads 61;,980.9146,data: --duration 346; workload: --threads 49;,913.3283,data: --duration 373; workload: --threads 16;,628.9519,data: --duration 320; workload: --threads 3;,1075.1206,data: --duration 453; workload: --threads 10;,918.5458,data: --duration 373; workload: --threads 16;,1315.2623,data: --duration 480; workload: --threads 42;,982.5413,data: --duration 346; workload: --threads 33;,679.5038,data: --duration 293; workload: --threads 13;,975.7681,data: --duration 346; workload: --threads 31;,783.3396,data: --duration 373; workload: --threads 5;,829.6866,data: --duration 293; workload: --threads 39;,978.886,data: --duration 346; workload: --threads 61;
openssl_benchmark,openssl,1692.8,data: --size 47222; workload: --threads 28;,705.0078,data: --size 27777; workload: --threads 44;,678.4707,data: --size 30555; workload: --threads 1;,972.5842,data: --size 36111; workload: --threads 43;,994.0549,data: --size 38888; workload: --threads 11;,919.1994,data: --size 30555; workload: --threads 24;,1559.3948,data: --size 44444; workload: --threads 61;,864.8699,data: --size 27777; workload: --threads 51;,1061.2966,data: --size 36111; workload: --threads 49;,1064.538,data: --size 33333; workload: --threads 56;,1025.7285,data: --size 47222; workload: --threads 1;,1741.1734,data: --size 50000; workload: --threads 20;,1624.4872,data: --size 50000; workload: --threads 31;,1521.8774,data: --size 47222; workload: --threads 48;,823.2616,data: --size 36111; workload: --threads 21;,964.4965,data: --size 36111; workload: --threads 62;
zstd_benchmark,zstd,2969.861,data: --size 33333; workload: --threads 51;,2794.0304,data: --size 36111; workload: --threads 32;,3199.4584,data: --size 50000; workload: --threads 17;,3404.7349,data: --size 47222; workload: --threads 31;,1232.4072,data: --size 27777; workload: --threads 3;,2545.9268,data: --size 36111; workload: --threads 28;,3990.2935,data: --size 50000; workload: --threads 36;,2069.4646,data: --size 27777; workload: --threads 43;,2383.6762,data: --size 36111; workload: --threads 14;,2932.4682,data: --size 50000; workload: --threads 15;,4647.7447,data: --size 50000; workload: --threads 56;,1630.0688,data: --size 27777; workload: --threads 11;,4434.5647,data: --size 44444; workload: --threads 59;,2150.2535,data: --size 36111; workload: --threads 10;,4386.9148,data: --size 44444; workload: --threads 54;,2050.3735,data: --size 25000; workload: --threads 49;
c_compiler_benchmark,gcc_compile,1102.3121,data: --func_size 133; workload: --opt O3 --threads 41;,1191.0765,data: --func_size 188; workload: --opt O1 --threads 53;,1849.5474,data: --func_size 188; workload: --opt O2 --threads 33;,732.9228,data: --func_size 100; workload: --opt O2 --threads 57;,1678.7854,data: --func_size 177; workload: --opt O2 --threads 42;,813.3942,data: --func_size 111; workload: --opt O3 --threads 33;,1315.5521,data: --func_size 200; workload: --opt O2 --threads 12;,2150.1466,data: --func_size 188; workload: --opt O2 --threads 53;,354.616,data: --func_size 111; workload: --opt O1 --threads 2;,387.1408,data: --func_size 111; workload: --opt O1 --threads 17;,1272.6128,data: --func_size 155; workload: --opt O3 --threads 28;,445.6176,data: --func_size 133; workload: --opt O1 --threads 9;,765.4379,data: --func_size 188; workload: --opt O1 --threads 15;,645.3125,data: --func_size 133; workload: --opt O1 --threads 47;,1659.0004,data: --func_size 177; workload: --opt O3 --threads 32;,783.1383,data: --func_size 100; workload: --opt O3 --threads 40;
c_compiler_benchmark,clang_compile,495.7702,data: --func_size 188; workload: --opt O2 --threads 52;,253.6076,data: --func_size 100; workload: --opt O1 --threads 60;,450.2057,data: --func_size 188; workload: --opt O3 --threads 7;,330.1081,data: --func_size 133; workload: --opt O3 --threads 28;,281.0998,data: --func_size 111; workload: --opt O3 --threads 44;,419.1956,data: --func_size 166; workload: --opt O2 --threads 30;,507.286,data: --func_size 200; workload: --opt O3 --threads 30;,238.4762,data: --func_size 100; workload: --opt O1 --threads 20;,443.196,data: --func_size 177; workload: --opt O1 --threads 34;,332.6265,data: --func_size 133; workload: --opt O3 --threads 36;,268.1199,data: --func_size 111; workload: --opt O2 --threads 18;,278.805,data: --func_size 111; workload: --opt O2 --threads 43;,332.1714,data: --func_size 133; workload: --opt O3 --threads 37;,254.3042,data: --func_size 100; workload: --opt O3 --threads 50;,502.9157,data: --func_size 188; workload: --opt O3 --threads 52;,253.1919,data: --func_size 100; workload: --opt O2 --threads 4;
lapack_benchmark,lapack_solve,177.1012,workload: --size 1024 --threads 9;,661.6166,workload: --size 1592 --threads 13;,299.4932,workload: --size 1024 --threads 55;,706.6451,workload: --size 1592 --threads 22;,516.1379,workload: --size 1365 --threads 36;,1047.1601,workload: --size 1820 --threads 25;,1408.1739,workload: --size 1934 --threads 35;,1260.5447,workload: --size 1706 --threads 61;,2350.5559,workload: --size 2048 --threads 59;,269.4331,workload: --size 1024 --threads 49;,1774.5309,workload: --size 2048 --threads 38;,750.7715,workload: --size 1479 --threads 50;,1226.2862,workload: --size 1820 --threads 39;,578.6446,workload: --size 1479 --threads 20;,2343.5324,workload: --size 2048 --threads 59;,1135.1083,workload: --size 1820 --threads 34;
lapack_benchmark,lapack_eigen,1364.103,workload: --size 1934 --threads 28;,512.5323,workload: --size 1820 --threads 8;,1558.8511,workload: --size 1934 --threads 36;,338.7086,workload: --size 1479 --threads 11;,1223.4036,workload: --size 1479 --threads 54;,615.9206,workload: --size 1251 --threads 41;,362.3262,workload: --size 1706 --threads 6;,399.7293,workload: --size 1137 --threads 34;,1100.0148,workload: --size 1479 --threads 48;,310.4337,workload: --size 1024 --threads 38;,821.1289,workload: --size 1365 --threads 42;,725.4052,workload: --size 1365 --threads 37;,379.2146,workload: --size 1365 --threads 16;,2432.71,workload: --size 1934 --threads 58;,131.1865,workload: --size 1137 --threads 10;,1500.3073,workload: --size 2048 --threads 30;
lapack_benchmark,lapack_svd,896.6768,workload: --size 1365 --threads 41;,497.7032,workload: --size 1024 --threads 52;,117.5895,workload: --size 1137 --threads 6;,482.6814,workload: --size 1137 --threads 37;,1094.5864,workload: --size 1592 --threads 33;,787.8131,workload: --size 1706 --threads 16;,1158.3259,workload: --size 1820 --threads 23;,965.8792,workload: --size 1365 --threads 44;,1319.4291,workload: --size 1706 --threads 34;,1834.0564,workload: --size 1592 --threads 59;,793.0162,workload: --size 1706 --threads 16;,572.7916,workload: --size 1251 --threads 33;,399.2593,workload: --size 1592 --threads 7;,1816.9038,workload: --size 1706 --threads 48;,141.4955,workload: --size 1137 --threads 8;,602.9669,workload: --size 1820 --threads 7;
rocksdb_benchmark,rocksdb_cpu,2527.3864,workload: --num 3555555 --threads 59;,853.1495,workload: --num 2666666 --threads 25;,755.0577,workload: --num 2222222 --threads 34;,1312.2599,workload: --num 3333333 --threads 40;,621.889,workload: --num 2444444 --threads 7;,3110.3963,workload: --num 4000000 --threads 62;,1040.4963,workload: --num 3333333 --threads 24;,1425.0842,workload: --num 2444444 --threads 49;,938.4685,workload: --num 2666666 --threads 30;,911.0169,workload: --num 2666666 --threads 28;,1183.3976,workload: --num 3777777 --threads 23;,676.8497,workload: --num 2444444 --threads 19;,716.9225,workload: --num 2888888 --threads 9;,575.6863,workload: --num 2000000 --threads 18;,3147.0363,workload: --num 3777777 --threads 62;,612.7973,workload: --num 2222222 --threads 19;
opencv_benchmark,fft_batch,469.134,workload: --size 625 --threads 47;,1225.311,workload: --size 967 --threads 32;,191.381,workload: --size 512 --threads 5;,523.724,workload: --size 739 --threads 10;,674.164,workload: --size 853 --threads 3;,479.549,workload: --size 682 --threads 23;,552.65,workload: --size 682 --threads 42;,436.204,workload: --size 682 --threads 12;,1441.969,workload: --size 1024 --threads 53;,442.209,workload: --size 625 --threads 54;,701.389,workload: --size 796 --threads 56;,678.282,workload: --size 796 --threads 43;,337.897,workload: --size 625 --threads 1;,613.977,workload: --size 796 --threads 24;,1138.41,workload: --size 910 --threads 52;,898.879,workload: --size 853 --threads 54;
opencv_benchmark,conv_heavy,2339.114,workload: --size 682 --threads 29;,1412.804,workload: --size 625 --threads 10;,6558.25,workload: --size 1024 --threads 48;,2186.166,workload: --size 512 --threads 59;,3162.067,workload: --size 796 --threads 20;,2092.002,workload: --size 568 --threads 39;,2842.061,workload: --size 739 --threads 14;,4934.468,workload: --size 910 --threads 56;,2850.179,workload: --size 739 --threads 15;,4410.469,workload: --size 1024 --threads 13;,2458.385,workload: --size 796 --threads 3;,3176.15,workload: --size 796 --threads 17;,3619.743,workload: --size 739 --threads 46;,5044.226,workload: --size 853 --threads 64;,3384.025,workload: --size 910 --threads 17;,1545.908,workload: --size 512 --threads 20;
opencv_benchmark,motion_blur,708.604,workload: --size 1592 --threads 18;,540.991,workload: --size 1251 --threads 57;,351.243,workload: --size 1137 --threads 19;,363.996,workload: --size 1137 --threads 54;,940.296,workload: --size 1934 --threads 31;,630.518,workload: --size 1479 --threads 2;,370.689,workload: --size 1137 --threads 21;,930.461,workload: --size 1934 --threads 13;,681.085,workload: --size 1479 --threads 18;,334.186,workload: --size 1024 --threads 41;,357.624,workload: --size 1024 --threads 59;,490.705,workload: --size 1251 --threads 12;,322.989,workload: --size 1024 --threads 31;,892.067,workload: --size 1706 --threads 50;,1018.887,workload: --size 1934 --threads 48;,1233.577,workload: --size 2048 --threads 53;
opencv_benchmark,background_sub,2382.678,workload: --size 1080 --threads 19;,660.249,workload: --size 540 --threads 25;,1018.727,workload: --size 720 --threads 21;,2020.928,workload: --size 1020 --threads 29;,813.079,workload: --size 660 --threads 45;,1941.872,workload: --size 1020 --threads 36;,1229.849,workload: --size 780 --threads 56;,1740.133,workload: --size 960 --threads 41;,1683.794,workload: --size 900 --threads 61;,686.863,workload: --size 600 --threads 56;,643.217,workload: --size 540 --threads 17;,1674.835,workload: --size 960 --threads 45;,1471.597,workload: --size 900 --threads 15;,1026.639,workload: --size 720 --threads 47;,1663.328,workload: --size 900 --threads 60;,1746.783,workload: --size 900 --threads 32;
opencv_benchmark,mandelbrot,929.143,workload: --size 739 --threads 34;,929.364,workload: --size 682 --threads 58;,1137.315,workload: --size 853 --threads 57;,1115.635,workload: --size 796 --threads 26;,1137.151,workload: --size 682 --threads 29;,1245.718,workload: --size 910 --threads 37;,918.891,workload: --size 1024 --threads 63;,1245.802,workload: --size 739 --threads 63;,928.881,workload: --size 910 --threads 4;,1116.07,workload: --size 967 --threads 58;,928.944,workload: --size 1024 --threads 49;,928.858,workload: --size 910 --threads 40;,1137.64,workload: --size 967 --threads 64;,1116.539,workload: --size 739 --threads 51;,917.651,workload: --size 853 --threads 27;,917.888,workload: --size 625 --threads 5;
opencv_benchmark,jacobi,1418.285,workload: --size 1024 --threads 18;,3704.892,workload: --size 2048 --threads 18;,7244.7,workload: --size 1137 --threads 55;,1426.319,workload: --size 1024 --threads 19;,3838.521,workload: --size 1706 --threads 9;,3633.801,workload: --size 1820 --threads 13;,1316.69,workload: --size 2048 --threads 12;,3487.928,workload: --size 1934 --threads 5;,3484.954,workload: --size 1137 --threads 42;,2144.348,workload: --size 1365 --threads 30;,1651.858,workload: --size 1479 --threads 30;,5305.139,workload: --size 2048 --threads 51;,3634.172,workload: --size 1934 --threads 3;,3263.304,workload: --size 1592 --threads 41;,3758.411,workload: --size 2048 --threads 44;,1318.337,workload: --size 1479 --threads 15;
opencv_benchmark,canny,522.377,workload: --size 1251 --threads 32;,499.987,workload: --size 1137 --threads 55;,1184.16,workload: --size 2048 --threads 2;,425.375,workload: --size 1137 --threads 4;,553.929,workload: --size 1251 --threads 6;,1252.608,workload: --size 1706 --threads 25;,434.726,workload: --size 1024 --threads 61;,738.2,workload: --size 1479 --threads 9;,761.064,workload: --size 1365 --threads 29;,1747.139,workload: --size 2048 --threads 53;,383.571,workload: --size 1024 --threads 46;,1694.792,workload: --size 2048 --threads 17;,1237.844,workload: --size 1706 --threads 31;,344.12,workload: --size 1024 --threads 36;,495.958,workload: --size 1137 --threads 19;,815.194,workload: --size 1592 --threads 25;
opencv_benchmark,optical_flow,1696.312,workload: --size 853 --threads 34;,648.85,workload: --size 568 --threads 24;,883.515,workload: --size 682 --threads 15;,972.629,workload: --size 739 --threads 6;,820.049,workload: --size 682 --threads 4;,2279.324,workload: --size 1024 --threads 38;,2364.385,workload: --size 1024 --threads 45;,1702.418,workload: --size 853 --threads 31;,1552.956,workload: --size 853 --threads 9;,987.748,workload: --size 682 --threads 44;,732.865,workload: --size 625 --threads 10;,1657.6,workload: --size 910 --threads 11;,747.434,workload: --size 625 --threads 19;,1316.749,workload: --size 796 --threads 32;,828.945,workload: --size 625 --threads 41;,1364.104,workload: --size 853 --threads 3;
opencv_benchmark,color_tracking,2345.479,workload: --size 1680 --threads 55;,3437.732,workload: --size 1920 --threads 36;,3563.59,workload: --size 2160 --threads 10;,1595.424,workload: --size 1320 --threads 32;,1301.09,workload: --size 1200 --threads 32;,2179.964,workload: --size 1560 --threads 30;,1045.078,workload: --size 1200 --threads 53;,2923.204,workload: --size 1920 --threads 37;,3939.79,workload: --size 2160 --threads 60;,1934.588,workload: --size 1440 --threads 59;,2006.716,workload: --size 1560 --threads 51;,3745.663,workload: --size 2160 --threads 40;,1881.56,workload: --size 1440 --threads 38;,2180.821,workload: --size 1560 --threads 15;,1957.071,workload: --size 1680 --threads 41;,2064.658,workload: --size 1680 --threads 57;
opencv_benchmark,feature_match,1289.01,workload: --size 739 --threads 52;,822.068,workload: --size 568 --threads 60;,2550.803,workload: --size 1024 --threads 20;,2770.811,workload: --size 1024 --threads 61;,1799.791,workload: --size 853 --threads 26;,1654.695,workload: --size 796 --threads 47;,1133.443,workload: --size 682 --threads 43;,2140.889,workload: --size 910 --threads 30;,1482.302,workload: --size 796 --threads 39;,1691.93,workload: --size 796 --threads 52;,1246.006,workload: --size 739 --threads 6;,2489.5,workload: --size 1024 --threads 49;,2740.063,workload: --size 1024 --threads 55;,838.912,workload: --size 568 --threads 4;,812.601,workload: --size 568 --threads 45;,679.698,workload: --size 512 --threads 41;
biogo-benchmark,biogo-igor,1370.9916,workload: --seq 55555 --threads 64;,1225.6007,workload: --seq 88888 --threads 13;,1786.3714,workload: --seq 83333 --threads 56;,1629.8299,workload: --seq 100000 --threads 25;,1283.1848,workload: --seq 88888 --threads 17;,1261.783,workload: --seq 88888 --threads 17;,1166.7896,workload: --seq 61111 --threads 43;,834.312,workload: --seq 61111 --threads 13;,545.1206,workload: --seq 50000 --threads 6;,1533.5359,workload: --seq 72222 --threads 55;,799.132,workload: --seq 61111 --threads 10;,1885.4429,workload: --seq 88888 --threads 55;,1882.8513,workload: --seq 88888 --threads 54;,1242.8791,workload: --seq 88888 --threads 16;,1088.0436,workload: --seq 77777 --threads 14;,1546.1946,workload: --seq 94444 --threads 27;
bleve_benchmark,bleve-index,513.6056,workload: --documents 2222 --threads 12;,1148.4242,workload: --documents 3777 --threads 7;,1661.7192,workload: --documents 4000 --threads 17;,2669.2697,workload: --documents 3333 --threads 50;,3152.6414,workload: --documents 3333 --threads 61;,1633.347,workload: --documents 2666 --threads 36;,2226.6473,workload: --documents 2666 --threads 53;,2959.3253,workload: --documents 3333 --threads 57;,909.4044,workload: --documents 3333 --threads 5;,1645.4482,workload: --documents 2444 --threads 41;,1646.9932,workload: --documents 2444 --threads 41;,1646.5606,workload: --documents 2222 --threads 47;,1494.009,workload: --documents 3111 --threads 24;,1987.3923,workload: --documents 3333 --threads 34;,1633.3027,workload: --documents 2444 --threads 41;,2233.4452,workload: --documents 2666 --threads 53;
cockroachdb_benchmark,kv,1129.6992,workload: --max-ops 1000000 --threads 7;,754.0348,workload: --max-ops 733333 --threads 2;,1353.3757,workload: --max-ops 1200000 --threads 6;,2022.7202,workload: --max-ops 933333 --threads 64;,677.0108,workload: --max-ops 600000 --threads 15;,1186.7352,workload: --max-ops 1066666 --threads 6;,1736.7693,workload: --max-ops 733333 --threads 64;,926.0059,workload: --max-ops 800000 --threads 22;,1246.6112,workload: --max-ops 866666 --threads 39;,896.5882,workload: --max-ops 733333 --threads 33;,2113.1915,workload: --max-ops 1200000 --threads 55;,1223.2371,workload: --max-ops 1066666 --threads 3;,1272.7524,workload: --max-ops 1133333 --threads 11;,1156.4439,workload: --max-ops 933333 --threads 34;,1361.7341,workload: --max-ops 1133333 --threads 31;,1906.1375,workload: --max-ops 933333 --threads 61;
cockroachdb_benchmark,tpcc,1041.6299,workload: --max-ops 16666 --threads 15;,1190.5091,workload: --max-ops 21666 --threads 12;,1959.3852,workload: --max-ops 28333 --threads 40;,1833.0821,workload: --max-ops 23333 --threads 52;,1203.5512,workload: --max-ops 20000 --threads 28;,1620.3683,workload: --max-ops 30000 --threads 7;,2124.7006,workload: --max-ops 28333 --threads 37;,2447.0077,workload: --max-ops 30000 --threads 39;,1465.4869,workload: --max-ops 15000 --threads 64;,2471.4525,workload: --max-ops 28333 --threads 48;,2314.3448,workload: --max-ops 25000 --threads 52;,2371.2717,workload: --max-ops 26666 --threads 47;,1497.1386,workload: --max-ops 16666 --threads 47;,1766.3244,workload: --max-ops 18333 --threads 58;,3319.6854,workload: --max-ops 30000 --threads 60;,1457.6094,workload: --max-ops 28333 --threads 8;
esbuild_benchmark,ThreeJS,313.4075,data: --complexity 1555; workload: --threads 20;,321.77,data: --complexity 1888; workload: --threads 31;,262.0336,data: --complexity 1555; workload: --threads 47;,265.2675,data: --complexity 1666; workload: --threads 32;,249.2084,data: --complexity 1666; workload: --threads 60;,361.9231,data: --complexity 2000; workload: --threads 38;,228.6758,data: --complexity 1111; workload: --threads 52;,804.6885,data: --complexity 1888; workload: --threads 4;,476.7281,data: --complexity 2000; workload: --threads 15;,318.3011,data: --complexity 1444; workload: --threads 20;,230.0684,data: --complexity 1111; workload: --threads 54;,299.7441,data: --complexity 1444; workload: --threads 40;,551.2684,data: --complexity 1888; workload: --threads 9;,376.7287,data: --complexity 1777; workload: --threads 28;,303.8863,data: --complexity 1222; workload: --threads 16;,308.4839,data: --complexity 1444; workload: --threads 18;
esbuild_benchmark,RomeTS,1428.8187,data: --complexity 1555; workload: --threads 21;,1671.3038,data: --complexity 2000; workload: --threads 22;,1345.121,data: --complexity 1444; workload: --threads 6;,1662.3696,data: --complexity 2000; workload: --threads 19;,1389.27,data: --complexity 1666; workload: --threads 33;,1462.1313,data: --complexity 1666; workload: --threads 17;,1223.3948,data: --complexity 1222; workload: --threads 5;,1198.8997,data: --complexity 1222; workload: --threads 6;,1002.3364,data: --complexity 1000; workload: --threads 13;,1146.5823,data: --complexity 1222; workload: --threads 61;,1166.8964,data: --complexity 1222; workload: --threads 38;,1331.5743,data: --complexity 1444; workload: --threads 24;,1202.555,data: --complexity 1111; workload: --threads 3;,1536.9277,data: --complexity 1777; workload: --threads 37;,1152.8681,data: --complexity 1222; workload: --threads 35;,1044.9607,data: --complexity 1111; workload: --threads 27;
gc_garbage,gc_garbage,3841.0388,data: --size 100000; workload: --threads 55;,1899.2456,data: --size 83333; workload: --threads 53;,1433.4966,data: --size 66666; workload: --threads 46;,885.6815,data: --size 94444; workload: --threads 1;,2155.4259,data: --size 100000; workload: --threads 48;,1921.7387,data: --size 77777; workload: --threads 63;,1192.1526,data: --size 50000; workload: --threads 59;,1121.5203,data: --size 55555; workload: --threads 42;,1802.0665,data: --size 100000; workload: --threads 31;,762.0906,data: --size 55555; workload: --threads 9;,735.2427,data: --size 50000; workload: --threads 15;,1736.5713,data: --size 100000; workload: --threads 28;,1604.9813,data: --size 72222; workload: --threads 50;,1919.2848,data: --size 77777; workload: --threads 63;,1993.2932,data: --size 83333; workload: --threads 58;,1691.5851,data: --size 83333; workload: --threads 42;
go_compiler,go_compiler,680.6826,data: --complex 144; workload: --threads 9;,288.9897,data: --complex 133; workload: --threads 63;,517.0216,data: --complex 155; workload: --threads 27;,198.3363,data: --complex 111; workload: --threads 14;,133.824,data: --complex 100; workload: --threads 22;,155.9885,data: --complex 100; workload: --threads 14;,711.1095,data: --complex 166; workload: --threads 12;,547.0296,data: --complex 144; workload: --threads 8;,958.6261,data: --complex 177; workload: --threads 18;,166.1219,data: --complex 100; workload: --threads 12;,168.8822,data: --complex 111; workload: --threads 52;,138.627,data: --complex 100; workload: --threads 44;,166.607,data: --complex 111; workload: --threads 61;,1195.8113,data: --complex 188; workload: --threads 26;,1163.1677,data: --complex 188; workload: --threads 32;,1062.0573,data: --complex 188; workload: --threads 62;
gopher_lua,gopher_lua,1116.5162,data: --size 500000; workload: --threads 50;,1988.5074,data: --size 944444; workload: --threads 62;,1030.699,data: --size 666666; workload: --threads 32;,1453.0106,data: --size 833333; workload: --threads 55;,1475.4631,data: --size 1000000; workload: --threads 15;,780.6165,data: --size 888888; workload: --threads 2;,1437.7409,data: --size 888888; workload: --threads 41;,1275.3186,data: --size 833333; workload: --threads 38;,1265.6353,data: --size 722222; workload: --threads 50;,791.3371,data: --size 611111; workload: --threads 11;,1164.5904,data: --size 944444; workload: --threads 3;,1443.9883,data: --size 777777; workload: --threads 63;,709.6351,data: --size 611111; workload: --threads 6;,983.8524,data: --size 722222; workload: --threads 16;,755.73,data: --size 500000; workload: --threads 19;,1555.2464,data: --size 888888; workload: --threads 49;
go_json,json,1677.4379,data: --size 44444; workload: --threads 49;,1160.1753,data: --size 33333; workload: --threads 28;,1162.8472,data: --size 36111; workload: --threads 14;,1703.6418,data: --size 50000; workload: --threads 29;,1387.9128,data: --size 41666; workload: --threads 21;,1369.7105,data: --size 38888; workload: --threads 37;,1724.0693,data: --size 50000; workload: --threads 33;,1407.4379,data: --size 38888; workload: --threads 46;,1253.8054,data: --size 33333; workload: --threads 59;,787.1247,data: --size 25000; workload: --threads 12;,1200.0122,data: --size 33333; workload: --threads 42;,1604.3038,data: --size 47222; workload: --threads 25;,1327.9536,data: --size 36111; workload: --threads 50;,908.531,data: --size 27777; workload: --threads 18;,879.9102,data: --size 27777; workload: --threads 13;,1670.5731,data: --size 47222; workload: --threads 41;
go_markdown,markdown_render,3990.573,data: --size 944; workload: --threads 60;,2639.9925,data: --size 722; workload: --threads 52;,2664.2734,data: --size 833; workload: --threads 46;,1168.0867,data: --size 666; workload: --threads 23;,2460.0154,data: --size 888; workload: --threads 40;,2661.0096,data: --size 611; workload: --threads 61;,2586.4664,data: --size 888; workload: --threads 42;,3146.9256,data: --size 944; workload: --threads 48;,3309.2984,data: --size 1000; workload: --threads 48;,3047.0031,data: --size 777; workload: --threads 56;,1347.6703,data: --size 833; workload: --threads 22;,1232.5988,data: --size 555; workload: --threads 29;,2973.236,data: --size 888; workload: --threads 48;,872.9575,data: --size 833; workload: --threads 10;,832.2742,data: --size 944; workload: --threads 7;,1242.1275,data: --size 722; workload: --threads 23;
tile38_sim,kdtree,528.025214,workload: --points 55555 --threads 33;,1107.122392,workload: --points 83333 --threads 8;,908.981482,workload: --points 61111 --threads 53;,1805.733447,workload: --points 72222 --threads 60;,378.962122,workload: --points 50000 --threads 14;,3320.783896,workload: --points 88888 --threads 62;,857.496631,workload: --points 72222 --threads 15;,1644.00909,workload: --points 72222 --threads 56;,2103.584604,workload: --points 77777 --threads 54;,760.202434,workload: --points 66666 --threads 13;,2716.44843,workload: --points 83333 --threads 59;,877.991358,workload: --points 72222 --threads 18;,2660.445938,workload: --points 94444 --threads 33;,711.792606,workload: --points 55555 --threads 58;,739.134583,workload: --points 61111 --threads 38;,4332.836438,workload: --points 100000 --threads 59;
cassandra_benchmark,cassandra_stress_read,1283.0011,workload: --read-n 1666666 --threads 2;,216.5211,workload: --read-n 1555555 --threads 22;,203.7782,workload: --read-n 1444444 --threads 20;,261.9763,workload: --read-n 1000000 --threads 7;,752.7009,workload: --read-n 1555555 --threads 4;,198.3329,workload: --read-n 1333333 --threads 57;,152.2725,workload: --read-n 1000000 --threads 52;,146.1418,workload: --read-n 1000000 --threads 19;,185.6149,workload: --read-n 1333333 --threads 20;,282.6771,workload: --read-n 2000000 --threads 48;,249.3898,workload: --read-n 1777777 --threads 47;,243.5833,workload: --read-n 1777777 --threads 20;,799.7063,workload: --read-n 1222222 --threads 3;,233.6285,workload: --read-n 1666666 --threads 23;,210.0156,workload: --read-n 1444444 --threads 50;,279.4499,workload: --read-n 2000000 --threads 44;
kafka_benchmark,kafka_producer_perf,191.4613,workload: --num-records 777777777 --threads 15;,120.5566,workload: --num-records 1244444444 --threads 49;,182.1627,workload: --num-records 1244444444 --threads 31;,166.3757,workload: --num-records 1166666666 --threads 32;,125.1284,workload: --num-records 1011111111 --threads 40;,119.1635,workload: --num-records 1088888888 --threads 44;,2983.8485,workload: --num-records 933333333 --threads 1;,147.534,workload: --num-records 1011111111 --threads 32;,89.791,workload: --num-records 933333333 --threads 54;,239.8215,workload: --num-records 1088888888 --threads 17;,318.5034,workload: --num-records 1088888888 --threads 12;,437.5584,workload: --num-records 1244444444 --threads 10;,122.6919,workload: --num-records 1166666666 --threads 46;,124.3247,workload: --num-records 1400000000 --threads 57;,83.0921,workload: --num-records 855555555 --threads 54;,88.8988,workload: --num-records 777777777 --threads 46;
guava_benchmark,guava_event,1458.157,workload: --dataSize 188888 --threads 35;,987.1959,workload: --dataSize 188888 --threads 1;,1103.9975,workload: --dataSize 155555 --threads 21;,927.0687,workload: --dataSize 100000 --threads 16;,2010.8022,workload: --dataSize 166666 --threads 49;,1110.2088,workload: --dataSize 144444 --threads 24;,1441.4655,workload: --dataSize 144444 --threads 60;,1289.3087,workload: --dataSize 144444 --threads 53;,1273.4183,workload: --dataSize 200000 --threads 13;,851.9393,workload: --dataSize 100000 --threads 8;,1095.6927,workload: --dataSize 122222 --threads 56;,1055.2319,workload: --dataSize 100000 --threads 38;,906.2192,workload: --dataSize 111111 --threads 9;,916.3833,workload: --dataSize 122222 --threads 12;,1003.7728,workload: --dataSize 122222 --threads 32;,1053.1458,workload: --dataSize 122222 --threads 34;
guava_benchmark,guava_cache,929.803,workload: --dataSize 72222 --threads 44;,1276.736,workload: --dataSize 88888 --threads 50;,573.8572,workload: --dataSize 55555 --threads 23;,1603.8645,workload: --dataSize 94444 --threads 59;,1238.5038,workload: --dataSize 83333 --threads 51;,758.2191,workload: --dataSize 77777 --threads 7;,1063.3914,workload: --dataSize 72222 --threads 53;,1329.2476,workload: --dataSize 100000 --threads 24;,1226.8979,workload: --dataSize 72222 --threads 63;,732.3305,workload: --dataSize 61111 --threads 43;,789.2492,workload: --dataSize 77777 --threads 14;,484.2934,workload: --dataSize 50000 --threads 13;,822.5061,workload: --dataSize 66666 --threads 45;,1350.5418,workload: --dataSize 94444 --threads 41;,818.2163,workload: --dataSize 77777 --threads 21;,914.8843,workload: --dataSize 55555 --threads 62;
guava_benchmark,guava_graph,872.2041,workload: --dataSize 400000 --threads 15;,471.3095,workload: --dataSize 222222 --threads 34;,496.3947,workload: --dataSize 200000 --threads 53;,833.0645,workload: --dataSize 377777 --threads 18;,923.25,workload: --dataSize 377777 --threads 26;,681.2738,workload: --dataSize 288888 --threads 33;,590.4763,workload: --dataSize 355555 --threads 7;,952.2285,workload: --dataSize 400000 --threads 22;,659.9186,workload: --dataSize 244444 --threads 53;,523.3578,workload: --dataSize 288888 --threads 16;,706.78,workload: --dataSize 288888 --threads 32;,529.3236,workload: --dataSize 311111 --threads 5;,919.7841,workload: --dataSize 355555 --threads 31;,774.1196,workload: --dataSize 288888 --threads 45;,730.2022,workload: --dataSize 266666 --threads 42;,763.75,workload: --dataSize 333333 --threads 25;
guava_benchmark,guava_bloom,588.7893,workload: --dataSize 311111 --threads 38;,827.6142,workload: --dataSize 266666 --threads 59;,472.4834,workload: --dataSize 355555 --threads 4;,921.0899,workload: --dataSize 266666 --threads 60;,501.4745,workload: --dataSize 377777 --threads 10;,1539.6584,workload: --dataSize 400000 --threads 62;,354.5264,workload: --dataSize 222222 --threads 25;,604.1432,workload: --dataSize 355555 --threads 23;,433.991,workload: --dataSize 222222 --threads 36;,504.3676,workload: --dataSize 200000 --threads 53;,907.6712,workload: --dataSize 311111 --threads 56;,639.5819,workload: --dataSize 288888 --threads 44;,432.929,workload: --dataSize 311111 --threads 14;,422.525,workload: --dataSize 311111 --threads 9;,745.9576,workload: --dataSize 311111 --threads 41;,629.1896,workload: --dataSize 311111 --threads 32;
guava_benchmark,guava_immutable,2042.8896,workload: --dataSize 400000 --threads 56;,727.3597,workload: --dataSize 266666 --threads 37;,1121.727,workload: --dataSize 400000 --threads 23;,979.1356,workload: --dataSize 311111 --threads 41;,1335.959,workload: --dataSize 400000 --threads 32;,597.4369,workload: --dataSize 288888 --threads 15;,882.2184,workload: --dataSize 266666 --threads 47;,488.1682,workload: --dataSize 244444 --threads 11;,369.978,workload: --dataSize 200000 --threads 5;,769.117,workload: --dataSize 244444 --threads 46;,1859.5112,workload: --dataSize 400000 --threads 52;,464.05,workload: --dataSize 222222 --threads 17;,569.8423,workload: --dataSize 200000 --threads 43;,650.4621,workload: --dataSize 222222 --threads 38;,1166.5155,workload: --dataSize 377777 --threads 25;,938.3535,workload: --dataSize 311111 --threads 36;
